"column","code","value"
"mivstatus","2","Value not collected"
"mivstatus","3","Other reason for missing value"
"mivstatus","4","Value not collected due to rule"
"confirmoffset","0","no"
"confirmoffset","1","yes"
"emnpctu05surgeries.surgery_organ","10","Intraabdominal / intrathoracic vessels"
"emnpctu05surgeries.surgery_organ","8","Heart"
"emnpctu05surgeries.surgery_organ","7","Kidney / Urinary tract"
"emnpctu05surgeries.surgery_organ","6","Liver / Biliary tract"
"emnpctu05surgeries.surgery_organ","1","Stomach"
"emnpctu05surgeries.surgery_organ","9","Lung"
"emnpctu05surgeries.surgery_organ","4","Intestines (recurrent perforation)"
"emnpctu05surgeries.surgery_organ","3","Intestines"
"emnpctu05surgeries.surgery_organ","2","Stomach (recurrent perforation)"
"emnpctu05surgeries.surgery_organ","5","Pancreas"
"emnpctu05surgeries.surgery_organ","11","Other"
"emnpctu05surgeries.surgery_type","3","Re-operation"
"emnpctu05surgeries.surgery_type","2","Emergency"
"emnpctu05surgeries.surgery_type","1","Elective"
"hidden","0","no"
"hidden","1","yes"
"mnpcs0","1","not shown"
"mnpcs1","1","to be anonymized"
"mnpcs2","1","frozen"
"mnpcs3","1","frozen"
"mnpcs4","1","deceased"
"mnpcs5","1","Project: frozen"
"mnpcs6","1","Project: to be deleted"
"mnpcs7","1","Project: visit plan closed"
"mnpctu05ae.ae_action","3","concomitant medication"
"mnpctu05ae.ae_action","1","none"
"mnpctu05ae.ae_action","6","study discontinued"
"mnpctu05ae.ae_action","2","non drug therapy"
"mnpctu05ae.ae_drug_relation","1","unrelated"
"mnpctu05ae.ae_drug_relation","4","probable"
"mnpctu05ae.ae_drug_relation","2","unlikely"
"mnpctu05ae.ae_drug_relation","3","possible"
"mnpctu05ae.ae_drug_relation","6","not assessable"
"mnpctu05ae.ae_drug_relation","5","definitely"
"mnpctu05ae.ae_frequency","1","single episode"
"mnpctu05ae.ae_frequency","3","continuous"
"mnpctu05ae.ae_frequency","2","intermittent"
"mnpctu05ae.ae_intensity","2","moderate (interferes w. daily activ.)"
"mnpctu05ae.ae_intensity","1","mild (tolerable)"
"mnpctu05ae.ae_intensity","3","severe (daily activities impossible)"
"mnpctu05ae.ae_is_sae","1","yes"
"mnpctu05ae.ae_is_sae","0","no"
"mnpctu05ae.ae_ongoing","1","yes"
"mnpctu05ae.ae_ongoing","0","no"
"mnpctu05ae.ae_outcome","1","resolved without sequel"
"mnpctu05ae.ae_outcome","2","resolved with sequel"
"mnpctu05ae.ae_outcome","5","others"
"mnpctu05ae.ae_outcome","3","ongoing"
"mnpctu05ae.ae_outcome","4","unknown"
"mnpctu05allmedi.no_more_meds","0","no"
"mnpctu05allmedi.no_more_meds","1","yes"
"mnpctu05baseline.aspirin","0","no Aspirin"
"mnpctu05baseline.aspirin","1","yes Aspirin"
"mnpctu05baseline.aspirin_unknown","0","no"
"mnpctu05baseline.aspirin_unknown","1","yes"
"mnpctu05baseline.gender","1","male"
"mnpctu05baseline.gender","2","female"
"mnpctu05baseline.hiv","1","yes"
"mnpctu05baseline.hiv","98","unknown"
"mnpctu05baseline.hiv","0","no"
"mnpctu05baseline.hiv_date_uknwn","0","no"
"mnpctu05baseline.hiv_date_uknwn","1","yes"
"mnpctu05baseline.hospitalisation","98","unknown"
"mnpctu05baseline.hospitalisation","0","no"
"mnpctu05baseline.hospitalisation","1","yes"
"mnpctu05baseline.ibuprofen","0","no Ibuprofen"
"mnpctu05baseline.ibuprofen","1","yes Ibuprofen"
"mnpctu05baseline.ibuprofen_unknown","0","no"
"mnpctu05baseline.ibuprofen_unknown","1","yes"
"mnpctu05baseline.icu","98","unknown"
"mnpctu05baseline.icu","0","no"
"mnpctu05baseline.icu","1","yes"
"mnpctu05baseline.immunodeficiency","98","unknown"
"mnpctu05baseline.immunodeficiency","1","yes"
"mnpctu05baseline.immunodeficiency","0","no"
"mnpctu05baseline.liver_cirrh","98","unknown"
"mnpctu05baseline.liver_cirrh","1","yes"
"mnpctu05baseline.liver_cirrh","0","no"
"mnpctu05baseline.liver_cirrh_type","3","C"
"mnpctu05baseline.liver_cirrh_type","2","B"
"mnpctu05baseline.liver_cirrh_type","1","A"
"mnpctu05baseline.no_clinical_data","0","no"
"mnpctu05baseline.no_clinical_data","1","yes"
"mnpctu05baseline.other_comorb","0","no"
"mnpctu05baseline.other_comorb","1","yes"
"mnpctu05baseline.other_comorb","98","unknown"
"mnpctu05baseline.painkiller","0","no"
"mnpctu05baseline.painkiller","4","unknown"
"mnpctu05baseline.painkiller","1","yes"
"mnpctu05baseline.paracetamol","0","no Paracetamol"
"mnpctu05baseline.paracetamol","1","yes Paracetamol"
"mnpctu05baseline.paracetamol_unknown","0","no"
"mnpctu05baseline.paracetamol_unknown","1","yes"
"mnpctu05baseline.surgery","0","no"
"mnpctu05baseline.surgery","1","yes"
"mnpctu05baseline.surgery","98","unknown"
"mnpctu05baseline.treat_type_aspirin","1","prophylaxis"
"mnpctu05baseline.treat_type_aspirin","2","treatment"
"mnpctu05baseline.treat_type_aspirin","98","unknown"
"mnpctu05baseline.treat_type_ibuprofen","1","prophylaxis"
"mnpctu05baseline.treat_type_ibuprofen","98","unknown"
"mnpctu05baseline.treat_type_ibuprofen","2","treatment"
"mnpctu05baseline.treat_type_paracet","98","unknown"
"mnpctu05baseline.treat_type_paracet","1","prophylaxis"
"mnpctu05baseline.treat_type_paracet","2","treatment"
"mnpctu05outcome.follow_up","98","unknown"
"mnpctu05outcome.follow_up","3","ongoing consultation"
"mnpctu05outcome.follow_up","1","death"
"mnpctu05sae.sae_action","6","study discontinued"
"mnpctu05sae.sae_action","1","none"
"mnpctu05sae.sae_action","3","concomitant medication"
"mnpctu05sae.sae_action","2","non drug therapy"
"mnpctu05sae.sae_drug_relation","6","not assessable"
"mnpctu05sae.sae_drug_relation","3","possible"
"mnpctu05sae.sae_drug_relation","2","unlikely"
"mnpctu05sae.sae_drug_relation","4","probable"
"mnpctu05sae.sae_drug_relation","1","unrelated"
"mnpctu05sae.sae_drug_relation","5","definitely"
"mnpctu05sae.sae_frequency","2","intermittent"
"mnpctu05sae.sae_frequency","3","continuous"
"mnpctu05sae.sae_frequency","1","single episode"
"mnpctu05sae.sae_intensity","3","severe (daily activities impossible)"
"mnpctu05sae.sae_intensity","1","mild (tolerable)"
"mnpctu05sae.sae_intensity","2","moderate (interferes w. daily activ.)"
"mnpctu05sae.sae_ongoing","0","no"
"mnpctu05sae.sae_ongoing","1","yes"
"mnpctu05sae.sae_outcome","5","others"
"mnpctu05sae.sae_outcome","3","ongoing"
"mnpctu05sae.sae_outcome","4","unknown"
"mnpctu05sae.sae_outcome","1","resolved without sequel"
"mnpctu05sae.sae_outcome","2","resolved with sequel"
"mnpctu05studyterminat.term_death","0","no death"
"mnpctu05studyterminat.term_death","1","yes death"
"mnpctu05studyterminat.term_planned","0","no planned"
"mnpctu05studyterminat.term_planned","1","yes planned"
"mnpctu05studyterminat.term_toxicity","0","no toxicity"
"mnpctu05studyterminat.term_toxicity","1","yes toxicity"
"mnpfcs0","0","empty",""
"mnpfcs0","2","partly filled",""
"mnpfcs0","4","completely filled",""
"mnpfcs1","1","with errors"
"mnpfcs2","1","with warnings"
"mnpfcs3","1","data entry complete",""
"mnpfs0","1","review (A)"
"mnpfs1","1","review (B)"
"mnpfs2","1","manual freeze"
"mnpfs3","1","rule-based freeze"
"mnpfsct","1","with comment",""
"mnpfsqa","0","without query",""
"mnpfsqa","1","with open query",""
"mnpfsqa","2","with answered query",""
"mnpfsqa","4","all queries resolved",""
"mnpptnid","381","Patrick Wright",""
"mnpptnid","481","Constantin Sluka",""
"newhidden","0","no"
"newhidden","1","yes"
"oldhidden","0","no"
"oldhidden","1","yes"
"qacstatus","0","withdrawn"
"qacstatus","1","open"
"qacstatus","2","answered"
"qacstatus","4","resolved"
"qacstatus","8","check again"
"querystatus","0","withdrawn"
"querystatus","1","open"
"querystatus","2","answered"
"querystatus","4","resolved"
"querystatus","8","check again"
"sigstatus","1","Data edited",""
"sigstatus","10","Review A revoked",""
"sigstatus","11","Query resolved",""
"sigstatus","12","Data entry completed",""
"sigstatus","13","Data modified",""
"sigstatus","14","Form frozen",""
"sigstatus","15","Data imported",""
"sigstatus","16","Reopen data entry",""
"sigstatus","17","query withdrawn",""
"sigstatus","19","DDE entry",""
"sigstatus","2","Review A performed",""
"sigstatus","20","DDE entry completed",""
"sigstatus","21","DDE entry reopened",""
"sigstatus","22","DDE comparison finished",""
"sigstatus","23","DDE entry corrected",""
"sigstatus","24","Data revalidated",""
"sigstatus","25","Data corrected",""
"sigstatus","26","Deviation created",""
"sigstatus","27","Deviation assessed",""
"sigstatus","28","Deviation reviewed",""
"sigstatus","29","Deviation edited",""
"sigstatus","3","Review B performed",""
"sigstatus","30","Deviation withdrawn",""
"sigstatus","31","Data edited and queries transferred",""
"sigstatus","32","Data entry completed and queries transferred",""
"sigstatus","33","Comment edited",""
"sigstatus","34","Comment withdrawn",""
"sigstatus","36","Reason saved",""
"sigstatus","4","Comment added",""
"sigstatus","5","Query added",""
"sigstatus","6","Query answered",""
"sigstatus","7","Form manually frozen",""
"sigstatus","8","Form unfrozen",""
"sigstatus","9","Source data verified",""
"visittype","0","fixed"
"visittype","1","flexible"
"visittype","2","unscheduled"
"visittype","3","free"
