"formid","formtablename","hidden","formname","formfamily","sequence","mnpvsno","mnpvslbl",""
"17068","mnpctu05baseline","","General screen","Visits","10","","",""
"17066","emnpctu05surgeries","","Surgeries","Subforms","20","","",""
"17071","mnpctu05outcome","","Follow-up","Visits","20","","",""
"17074","mnpctu05treatment","","Treatment","Treatment","10","","",""
"17075","mnpctu05allmedi","","Further medication","Further medication","10","","",""
"17166","mnpctu05studyterminat","","Study termination","Study termination","10","","",""
"17065","mnpctu05ae","","Adverse Events","Adverse Events","10","","",""
"17164","mnpctu05sae","","Serious Adverse Events","Adverse Events","20","","",""
