'fgid';'formid';'formtablename';'formname';'sequence';'hidden';'fglabel';'subformtablename';''
'120007';'17068';'mnpctu05baseline';'General screen';'5';'';'Date of visit';'';''
'119966';'17068';'mnpctu05baseline';'General screen';'10';'';'Demography';'';''
'120015';'17068';'mnpctu05baseline';'General screen';'12';'';'Body parameters';'';''
'119987';'17068';'mnpctu05baseline';'General screen';'15';'';'No clinical data';'';''
'119975';'17068';'mnpctu05baseline';'General screen';'20';'';'Hospitalisation';'';''
'119982';'17068';'mnpctu05baseline';'General screen';'30';'';'Surgery';'';''
'120011';'17068';'mnpctu05baseline';'General screen';'31';'';'Surgeries';'emnpctu05surgeries';''
'119990';'17066';'emnpctu05surgeries';'Surgeries';'10';'';'Surgery';'';''
'120009';'17068';'mnpctu05baseline';'General screen';'47';'';'Immunodeficiency';'';''
'119984';'17068';'mnpctu05baseline';'General screen';'48';'';'HIV';'';''
'120002';'17068';'mnpctu05baseline';'General screen';'49';'';'HIV date unknown';'';''
'119968';'17068';'mnpctu05baseline';'General screen';'50';'';'HIV date';'';''
'119997';'17068';'mnpctu05baseline';'General screen';'60';'';'Other underlying diseases';'';''
'120006';'17068';'mnpctu05baseline';'General screen';'70';'';'Treatment with painkillers?';'';''
'119976';'17068';'mnpctu05baseline';'General screen';'72';'';'Which painkillers were administered?';'';''
'119988';'17068';'mnpctu05baseline';'General screen';'104';'';'Comments';'';''
'119981';'17071';'mnpctu05outcome';'Follow-up';'10';'';'Follow-up';'';''
'120455';'17074';'mnpctu05treatment';'Treatment';'20';'';'Treatment randomization';'';''
'120464';'17075';'mnpctu05allmedi';'Further medication';'5';'';'No further medication';'';''
'120454';'17075';'mnpctu05allmedi';'Further medication';'10';'';'Further medication';'';''
'120463';'17166';'mnpctu05studyterminat';'Study termination';'10';'';'Reason for study termination';'';''
'120001';'17065';'mnpctu05ae';'Adverse Events';'10';'';'Adverse Event';'';''
'119986';'17065';'mnpctu05ae';'Adverse Events';'20';'';'Timepoints';'';''
'119993';'17065';'mnpctu05ae';'Adverse Events';'30';'';'AE properties';'';''
'119971';'17065';'mnpctu05ae';'Adverse Events';'40';'';'Notes';'';''
'120459';'17164';'mnpctu05sae';'Serious Adverse Events';'10';'';'Serious Adverse Event';'';''
'120457';'17164';'mnpctu05sae';'Serious Adverse Events';'20';'';'Timepoints';'';''
'120458';'17164';'mnpctu05sae';'Serious Adverse Events';'30';'';'SAE properties';'';''
'120460';'17164';'mnpctu05sae';'Serious Adverse Events';'40';'';'Notes';'';''
